{
    "nightly_load_process": {
        "fields": [
            {
                "field": "buss_id"
            }
        ]
    },
    "start_nightly_load": {
        "activity_type": 0,
        "start_form": true,
        "buss_id_prefix": "NL",
        "buss_id_value": "1",
        "process_title": "Nightly Load Process",
        "connector": "cron",
        "default_start_event": false,
        "start_form_full_screen": false
    },
    "nightly_load": {
        "activity_type": 7,
        "connector": "nightly_load",
        "background_color": null,
        "input": [
            {
                "field": "buss_id"
            }
        ]
    }
}