{
    "components": [
        "field",
        "div",
        "table",
        "tr",
        "td",
        "span",
        "p",
        "fieldset",
        "legend",
        "lexical_html",
        "img",
        "pdf"
    ],
    "validChildren": {
        "table": [
            "tr"
        ],
        "tr": [
            "fieldset",
            "td"
        ],
        "td": [
            "span",
            "field",
            "img"
        ],
        "div": [
            "table",
            "p",
            "img"
        ],
        "html": [
            "div"
        ]
    },
    "attributes": [
        "colSpan",
        "rowSpan"
    ],
    "styles": [
        "color",
        "backgroundColor",
        "padding",
        "paddingTop",
        "paddingLeft",
        "paddingRight",
        "paddingBottom",
        "margin",
        "marginTop",
        "marginLeft",
        "marginRight",
        "marginBottom",
        "border",
        "width",
        "maxWidth",
        "minWidth",
        "height",
        "maxHeight",
        "minHeight",
        "display",
        "flex",
        "flexDirection",
        "justifyContent",
        "alignItems",
        "fontSize",
        "fontWeight",
        "gridTemplateColumns",
        "columnGap"
    ]
}